index	primerid	Pr(>Chisq)	coef	ci.hi	ci.lo	fdr	gene	log2fc	pval	mean	score
MGST1	MGST1	2.19524701206937e-18	0.671141961179357	0.8113140846758969	0.530969837682817	2.44252590764318e-15	MGST1	0.671141961179357	2.19524701206937e-18	1.60056	58.66032242514239
IRX2	IRX2	5.0704552240086494e-18	-0.704650282173813	-0.5477216035313429	-0.8615789608162829	4.93640506402392e-15	IRX2	-0.704650282173813	5.0704552240086494e-18	2.8072722	-57.452590430184244
