index	primerid	Pr(>Chisq)	coef	ci.hi	ci.lo	fdr	gene	log2fc	pval	mean	score
RGS16	RGS16	1.42570039370185e-17	0.5909832360799481	0.7221456543615409	0.459820817798355	2.7760168790867197e-14	RGS16	0.5909832360799481	1.42570039370185e-17	2.0038636	55.96110677711987
UBE2C	UBE2C	2.86361498509341e-13	-0.640793156887866	-0.50448364167111	-0.7771026721046209	1.06206025292381e-10	UBE2C	-0.640793156887866	2.86361498509341e-13	1.381534	-41.66722769918621
CENPF	CENPF	1.7697592427848398e-13	-0.6672416971546751	-0.527146691099524	-0.8073367032098259	7.45068641212417e-11	CENPF	-0.6672416971546751	1.7697592427848398e-13	1.4497468	-42.36151212343378
TOP2A	TOP2A	5.3937620066313596e-15	-0.6647732777558211	-0.5339564701660621	-0.79559008534558	4.20093153886484e-12	TOP2A	-0.6647732777558211	5.3937620066313596e-15	1.4015495	-47.397629557544775
PTTG1	PTTG1	4.754339851567139e-16	-0.614399815149343	-0.49625416475528905	-0.732545465543398	5.28988227627581e-13	PTTG1	-0.614399815149343	4.754339851567139e-16	1.2722443	-50.90160448394435
TMEM106C	TMEM106C	1.76783844044104e-20	-0.588858210969448	-0.466844323479959	-0.710872098458938	9.17920646225e-17	TMEM106C	-0.588858210969448	1.76783844044104e-20	2.1512125	-65.61657546228523
