index	primerid	Pr(>Chisq)	coef	ci.hi	ci.lo	fdr	gene	log2fc	pval	mean	score
HIST1H1C	HIST1H1C	1.28133716554129e-08	-0.617280706535057	-0.42601954005298703	-0.8085418730171271	1.0449941899286301e-06	HIST1H1C	-0.617280706535057	1.28133716554129e-08	2.289217	-26.21777460890677
KLK12	KLK12	4.722531153889339e-17	-0.7245002604389541	-0.574609003834311	-0.8743915170435959	3.1983855558319196e-14	KLK12	-0.7245002604389541	4.722531153889339e-17	1.742188	-54.2332172991791
TFF3	TFF3	4.4974923304522106e-30	-0.8512860779895408	-0.699518414739659	-1.00305374123942	1.00082054330649e-26	TFF3	-0.8512860779895408	4.4974923304522106e-30	5.683824	-97.48872202536157
HES6	HES6	1.0058101053844599e-41	-0.6289135255931441	-0.5417065894486921	-0.7161204617375959	7.833752005786838e-38	HES6	-0.6289135255931441	1.0058101053844599e-41	4.8747706	-136.1906939370078
COTL1	COTL1	3.01124542791147e-43	-0.708964515355091	-0.6102244889574641	-0.8077045417527191	4.6906170030577e-39	COTL1	-0.708964515355091	3.01124542791147e-43	4.485512	-141.25254778218996
