index	primerid	Pr(>Chisq)	coef	ci.hi	ci.lo	fdr	gene	log2fc	pval	mean	score
SEC11C	SEC11C	2.1721877541252198e-36	1.3760086205702702	1.56904263600937	1.1829746051311598	2.6594094673754994e-32	SEC11C	1.3760086205702702	2.1721877541252198e-36	3.6208067	118.47026260735224
GRP	GRP	1.1713817016560999e-33	2.18880215625217	2.49814590665001	1.87945840585432	7.170613086687809e-30	GRP	2.18880215625217	1.1713817016560999e-33	0.9586754	109.39541586812052
CALB2	CALB2	1.06854971073413e-06	0.9401074853122758	1.3207288767715302	0.559486093853025	0.00327056352712948	CALB2	0.9401074853122758	1.06854971073413e-06	1.8379796	19.83591454315951
