index	primerid	Pr(>Chisq)	coef	ci.hi	ci.lo	fdr	gene	log2fc	pval	mean	score
SEC11C	SEC11C	3.2782084838747202e-15	0.680085780767501	0.842793388576807	0.517378172958195	4.01351064680782e-11	SEC11C	0.680085780767501	3.2782084838747202e-15	3.6208067	48.11601381503302
CALB2	CALB2	3.6109786241206696e-09	0.879157889977169	1.1458281080211101	0.612487671933224	1.90476478716095e-05	CALB2	0.879157889977169	3.6109786241206696e-09	1.8379796	28.044962973983946
GRP	GRP	6.22319623347529e-09	0.7806965455534001	1.05347712615557	0.507915964951232	1.90476478716095e-05	GRP	0.7806965455534001	6.22319623347529e-09	0.9586754	27.259697115137143
