index	primerid	Pr(>Chisq)	coef	ci.hi	ci.lo	fdr	gene	log2fc	pval	mean	score
SEC11C	SEC11C	5.514352343548427e-210	1.0137628979166	1.07331537494301	0.9542104208901859	8.246713929776677e-206	SEC11C	1.0137628979166	5.514352343548427e-210	5.486132	695.1417084740053
CYBA	CYBA	4.4080774080448e-50	0.7107414922991819	0.795592171700167	0.625890812898196	3.2961398818655e-46	CYBA	0.7107414922991819	4.4080774080448e-50	1.9878565	163.95625518578984
KLK12	KLK12	6.846161636215e-28	0.607013527102471	0.7087324890574759	0.505294565147466	3.0113043314586894e-25	KLK12	0.607013527102471	6.846161636215e-28	1.7212397	90.23869130241646
ADI1	ADI1	2.53523632650838e-26	0.6351094127173779	0.7489038571523791	0.521314968282378	9.72165622126482e-24	ADI1	0.6351094127173779	2.53523632650838e-26	3.9671988	85.02801023022143
HIST1H4C	HIST1H4C	8.85429674181184e-19	-0.601210566955466	-0.47085636887560206	-0.7315647650353299	1.4086809337637902e-16	HIST1H4C	-0.601210566955466	8.85429674181184e-19	2.0965326	-59.97025607830975
UBE2S	UBE2S	4.7755135964275887e-32	-0.64094080304318	-0.536619015501215	-0.7452625905851451	4.46361286466092e-29	UBE2S	-0.64094080304318	4.7755135964275887e-32	2.1994286	-104.04604313609053
HMGB2	HMGB2	6.56830765308941e-34	-0.6146842556191321	-0.5239692596460089	-0.7053992515922549	8.18575341266268e-31	HMGB2	-0.6146842556191321	6.56830765308941e-34	1.4781883	-110.23003352305102
PTTG1	PTTG1	2.04633992734862e-35	-0.6603043522064761	-0.564936126035328	-0.755672578377624	3.82537670168733e-32	PTTG1	-0.6603043522064761	2.04633992734862e-35	1.5196421	-115.2344375030685
