index	primerid	Pr(>Chisq)	coef	ci.hi	ci.lo	fdr	gene	log2fc	pval	mean	score
ASCL1	ASCL1	2.7878832930084397e-80	1.01737323176921	1.11854428156933	0.916202181969087	4.169279464694119e-76	ASCL1	1.01737323176921	2.7878832930084397e-80	3.9708328	264.27507742293983
