index	primerid	Pr(>Chisq)	coef	ci.hi	ci.lo	fdr	gene	log2fc	pval	mean	score
ADI1	ADI1	5.779802807556169e-36	0.742741814631978	0.85408835720492	0.631395272059036	5.762463399133499e-33	ADI1	0.742741814631978	5.779802807556169e-36	3.9671988	117.05839114353289
KLK12	KLK12	4.45966836197347e-29	0.624170888877857	0.7238236873205691	0.524518090435146	1.4190285181556e-26	KLK12	0.624170888877857	4.45966836197347e-29	1.7212397	94.17897832192999
HIST1H4C	HIST1H4C	2.86976437289647e-19	-0.594989047760514	-0.4667531368941121	-0.7232249586269159	3.5764438497222295e-17	HIST1H4C	-0.594989047760514	2.86976437289647e-19	2.0965326	-61.595701516136266
PTTG1	PTTG1	1.4802033053080298e-38	-0.7102990070526249	-0.617468505859528	-0.803129508245722	2.0124036755346895e-35	PTTG1	-0.7102990070526249	1.4802033053080298e-38	1.5196421	-125.66747226269263
UBE2S	UBE2S	1.8579616675899698e-39	-0.708478041124605	-0.6051163386761589	-0.811839743573051	2.77858167388081e-36	UBE2S	-0.708478041124605	1.8579616675899698e-39	2.1994286	-128.66147496344433
