index	primerid	Pr(>Chisq)	coef	ci.hi	ci.lo	fdr	gene	log2fc	pval	mean	score
GRP	GRP	7.116504765233539e-99	0.83022557567225	0.9039049450108071	0.7565462063336921	1.0642732876406797e-94	GRP	0.83022557567225	7.116504765233539e-99	3.7639084	326.03971255096826
HES6	HES6	1.7332336687069296e-60	0.607611127233233	0.6782064426133729	0.537015811853093	1.2960254757755998e-56	HES6	0.607611127233233	1.7332336687069296e-60	3.7663078	198.5222195263608
