index	primerid	Pr(>Chisq)	coef	ci.hi	ci.lo	fdr	gene	log2fc	pval	mean	score
SEC11C	SEC11C	5.374271118376678e-125	0.787040204387322	0.848856894279777	0.7252235144948679	8.184477486175848e-121	SEC11C	0.787040204387322	5.374271118376678e-125	4.457031	412.8149427574197
GRP	GRP	3.6335448393258095e-28	0.5884505524404771	0.6855487720709771	0.4913523328099771	9.22254239301545e-25	GRP	0.5884505524404771	3.6335448393258095e-28	3.6813126	91.15260894700837
