index	primerid	Pr(>Chisq)	coef	ci.hi	ci.lo	fdr	gene	log2fc	pval	mean	score
GRP	GRP	1.2642667192050996e-159	1.80115733324916	1.92101241324365	1.68130225325468	1.9253517866774494e-155	GRP	1.80115733324916	1.2642667192050996e-159	3.6813126	527.8482662296816
SEC11C	SEC11C	9.740024885539337e-90	0.9583465237431941	1.04813799851326	0.868555048973123	7.416541949093928e-86	SEC11C	0.9583465237431941	9.740024885539337e-90	4.457031	295.6896030814977
PCP4	PCP4	1.56094472654835e-14	-0.5904796534429979	-0.44407856502191795	-0.736880741864078	2.9714534050756e-11	PCP4	-0.5904796534429979	1.56094472654835e-14	2.732655	-45.86457387640285
