index	primerid	Pr(>Chisq)	coef	ci.hi	ci.lo	fdr	gene	log2fc	pval	mean	score
DEFA5	DEFA5	1.7319123908371694e-97	1.8031353206621998	2.00032571766218	1.60594492366221	1.3187646900029697e-93	DEFA5	1.8031353206621998	1.7319123908371694e-97	1.8747687	321.4346592512044
VIM	VIM	5.46491577244121e-73	0.95193090427763	1.06255349055885	0.84130831799641	2.7741734099502394e-69	VIM	0.95193090427763	5.46491577244121e-73	1.3130692	240.05055166612598
TAC1	TAC1	7.025396008631129e-48	0.6082468061359411	0.707532535582307	0.508961076689575	1.52842508307776e-44	TAC1	0.6082468061359411	7.025396008631129e-48	0.50137883	156.63996900490596
ASCL1	ASCL1	7.343440336729799e-37	-0.69061758327314	-0.58533122072728	-0.7959039458189989	8.60255791446601e-34	ASCL1	-0.69061758327314	7.343440336729799e-37	2.3357081	-120.03488339954687
SEC11C	SEC11C	5.955709835938779e-69	-0.692676363642565	-0.618027698505027	-0.7673250287801041	2.2674876272877893e-65	SEC11C	-0.692676363642565	5.955709835938779e-69	4.457031	-226.63876508015312
GRP	GRP	8.130312158972189e-143	-1.57319122532482	-1.4592052205749801	-1.68717723007466	1.2381652386898697e-138	GRP	-1.57319122532482	8.130312158972189e-143	3.6813126	-472.01240682402727
