index	primerid	Pr(>Chisq)	coef	ci.hi	ci.lo	fdr	gene	log2fc	pval	mean	score
EIF1	EIF1	1.7046131232450695e-145	0.721616652649692	0.7741585819754491	0.6690747233239339	2.595955325389919e-141	EIF1	0.721616652649692	1.7046131232450695e-145	4.019828	480.910129414438
NDRG1	NDRG1	4.451463229185359e-50	0.7299070766738929	0.834463318541055	0.6253508348067309	2.2597111172421296e-46	NDRG1	0.7299070766738929	4.451463229185359e-50	1.0057904	163.94212510570443
ALDOA	ALDOA	4.295237435401939e-47	0.613565456177219	0.694304078696863	0.532826833657575	1.6353042725934e-43	ALDOA	0.613565456177219	4.295237435401939e-47	2.463673	154.02788257574417
LDHA	LDHA	2.56418935039081e-38	0.6500910459163771	0.7429880958954529	0.557193995937301	3.2541699680918e-35	LDHA	0.6500910459163771	2.56418935039081e-38	1.5155982	124.87476480523605
VIM	VIM	7.754994738073391e-27	0.642656776557591	0.7537036327073309	0.531609920407851	3.93669382887066e-24	VIM	0.642656776557591	7.754994738073391e-27	1.3130692	86.73693275959593
GRP	GRP	8.827087116320079e-31	-0.743327262457601	-0.619663026108957	-0.866991498806245	6.721385484721929e-28	GRP	-0.743327262457601	8.827087116320079e-31	3.6813126	-99.83783350546312
