index	primerid	Pr(>Chisq)	coef	ci.hi	ci.lo	fdr	gene	log2fc	pval	mean	score
GRP	GRP	4.409352650634578e-147	1.26191716905851	1.3494281894457298	1.1744061486713002	6.715003151651397e-143	GRP	1.26191716905851	4.409352650634578e-147	3.6813126	486.1828630831974
