index	primerid	Pr(>Chisq)	coef	ci.hi	ci.lo	fdr	gene	log2fc	pval	mean	score
HES6	HES6	1.4696084379638295e-120	1.05704206553795	1.14031354470733	0.9737705863685719	2.542422597677419e-116	HES6	1.05704206553795	1.4696084379638295e-120	5.591512	398.07593957146105
CENPF	CENPF	1.40892927902234e-11	-0.5991440510557839	-0.472582521165426	-0.7257055809461421	1.2828671856361298e-08	CENPF	-0.5991440510557839	1.40892927902234e-11	1.2169682	-36.04660984614067
