index	primerid	Pr(>Chisq)	coef	ci.hi	ci.lo	fdr	gene	log2fc	pval	mean	score
HES6	HES6	3.2195877029063595e-76	0.592274446486127	0.652540446174156	0.5320084467980979	5.569886726028009e-72	HES6	0.592274446486127	3.2195877029063595e-76	5.591512	250.779659261316
