index	primerid	Pr(>Chisq)	coef	ci.hi	ci.lo	fdr	gene	log2fc	pval	mean	score
CHGB	CHGB	1.1844141159099399e-79	0.9203094469971139	1.0123252775382399	0.8282936164559879	2.0490364205241998e-75	CHGB	0.9203094469971139	1.1844141159099399e-79	4.047446	262.18814590625544
TPH1	TPH1	3.0022637766908197e-21	0.586795571635452	0.7041074499059209	0.46948369336498297	7.41988047667874e-18	TPH1	0.586795571635452	3.0022637766908197e-21	1.4680955	68.17443925598052
CHGA	CHGA	1.4097637805516498e-17	0.6346894106041391	0.775663796252476	0.493715024955803	2.03240945029529e-14	CHGA	0.6346894106041391	1.4097637805516498e-17	4.8212104	55.97732416760764
