index	primerid	Pr(>Chisq)	coef	ci.hi	ci.lo	fdr	gene	log2fc	pval	mean	score
DDIT3	DDIT3	2.8105624017106897e-43	0.8079127216665509	0.9280508460619229	0.687774597271179	2.4054198315040896e-39	DDIT3	0.8079127216665509	2.8105624017106897e-43	1.1131454	141.35204923334936
TRIB3	TRIB3	3.2607454815100896e-38	0.686900292587871	0.8105990167143721	0.563201568461371	1.3953545101752e-34	TRIB3	0.686900292587871	3.2607454815100896e-38	0.5989064	124.52806577024317
NUPR1	NUPR1	6.729238016880999e-29	0.6306120739150639	0.750113401748191	0.511110746081938	6.39913150749734e-26	NUPR1	0.6306120739150639	6.729238016880999e-29	0.62994003	93.5854716007619
PCSK1N	PCSK1N	4.9876900461494605e-29	-0.600578720469553	-0.498873149780479	-0.7022842911586279	5.0220170894082496e-26	PCSK1N	-0.600578720469553	4.9876900461494605e-29	4.4714174	-94.01754293828549
PPP1R17	PPP1R17	1.30534283530967e-30	-0.612816118652333	-0.509782936942088	-0.715849300362578	1.79031999974749e-27	PPP1R17	-0.612816118652333	1.30534283530967e-30	2.4181678	-99.27341408055855
NEUROD1	NEUROD1	4.46202524072275e-34	-0.662215224728533	-0.558272206828157	-0.7661582426289091	9.547060755681419e-31	NEUROD1	-0.662215224728533	4.46202524072275e-34	2.6069179	-110.7878565515478
RAMP1	RAMP1	7.177782164515691e-35	-0.651164787538852	-0.547635675808345	-0.7546938992693589	1.7551728187144999e-31	RAMP1	-0.651164787538852	7.177782164515691e-35	2.9326067	-113.42394518098278
IGFBP2	IGFBP2	8.46821371154816e-42	-0.6063489029276771	-0.521371452631338	-0.691326353224016	4.831680470019e-38	IGFBP2	-0.6063489029276771	8.46821371154816e-42	5.4571266	-136.43892230629922
HES6	HES6	4.7666505826802875e-170	-1.10576810841141	-1.0320664102914399	-1.1794698065313702	8.159075802373846e-166	HES6	-1.10576810841141	4.7666505826802875e-170	5.504277	-562.4748002577222
