index	primerid	Pr(>Chisq)	coef	ci.hi	ci.lo	fdr	gene	log2fc	pval	mean	score
CENPF	CENPF	7.08225597286489e-17	-0.6350440117443921	-0.509924542313504	-0.760163481175279	6.734831971529351e-14	CENPF	-0.6350440117443921	7.08225597286489e-17	1.407508	-53.648568625313814
TOP2A	TOP2A	3.3706486029796897e-21	-0.6490238652843001	-0.5408742648909329	-0.757173465677667	2.88476960686017e-17	TOP2A	-0.6490238652843001	3.3706486029796897e-21	1.284324	-68.00746376138588
