index	primerid	Pr(>Chisq)	coef	ci.hi	ci.lo	fdr	gene	log2fc	pval	mean	score
HES6	HES6	2.73024827354696e-55	1.10547393745995	1.23999377718818	0.9709540977317179	4.673365969830339e-51	HES6	1.10547393745995	2.73024827354696e-55	5.504277	181.2570130710558
PHGR1	PHGR1	3.3601257999813104e-11	0.6944561478184611	0.905991721265573	0.48292057437134794	5.75152733182801e-08	PHGR1	0.6944561478184611	3.3601257999813104e-11	1.3420888	34.792693796586796
