index	primerid	Pr(>Chisq)	coef	ci.hi	ci.lo	fdr	gene	log2fc	pval	mean	score
HES6	HES6	3.0040077708291794e-70	0.759557481858293	0.8401892874753331	0.6789256762412541	5.141960101328309e-66	HES6	0.759557481858293	3.0040077708291794e-70	5.504277	230.9480780972651
