index	primerid	Pr(>Chisq)	coef	ci.hi	ci.lo	fdr	gene	log2fc	pval	mean	score
HES6	HES6	0.0	1.47144541089275	1.53643408077217	1.4064567410133202	0.0	HES6	1.47144541089275	8.656795825797918e-78	3.815259	255.9965582679049
METRN	METRN	2.0806037025274694e-57	0.6333887667445639	0.7045662948107522	0.5622112386783771	1.07754465753898e-53	METRN	0.6333887667445639	2.0806037025274694e-57	1.7760584	188.29289921085137
VIM	VIM	5.827452724239e-39	-0.5887011334846789	-0.5012822389317361	-0.6761200280376228	1.00601258862779e-35	VIM	-0.5887011334846789	5.827452724239e-39	2.4702344	-127.0123303052054
