index	primerid	Pr(>Chisq)	coef	ci.hi	ci.lo	fdr	gene	log2fc	pval	mean	score
HES6	HES6	1.6624669025205995e-94	-0.6974363518985501	-0.632322307047817	-0.762550396749282	4.304958044077099e-91	HES6	-0.6974363518985501	1.6624669025205995e-94	3.815259	-311.5279153006296
