index	primerid	Pr(>Chisq)	coef	ci.hi	ci.lo	fdr	gene	log2fc	pval	mean	score
CCER2	CCER2	1.713832668647249e-258	1.3671385100767801	1.4396333222836	1.2946436978699698	2.6627818172772284e-254	CCER2	1.3671385100767801	1.713832668647249e-258	3.3099298	856.2802222232378
METRN	METRN	4.9373777536129696e-70	0.8827059566833221	0.9802767934978961	0.7851351198687478	3.8356019078942394e-66	METRN	0.8827059566833221	4.9373777536129696e-70	1.7760584	230.2312216137235
DLK2	DLK2	3.5188253632116494e-50	0.588814593284124	0.6772859643622621	0.500343222205987	1.82239965560731e-46	DLK2	0.588814593284124	3.5188253632116494e-50	0.7835762	164.28131082842785
HES6	HES6	3.41488655924458e-39	0.670747536181053	0.772173536641757	0.569321535720349	8.842848745163839e-36	HES6	0.670747536181053	3.41488655924458e-39	3.815259	127.78335804687467
VIM	VIM	2.1887860787397902e-44	-0.883822537631626	-0.7700479341445041	-0.9975971411187479	8.501792326345029e-41	VIM	-0.883822537631626	2.1887860787397902e-44	2.4702344	-145.03470521560158
