index	primerid	Pr(>Chisq)	coef	ci.hi	ci.lo	fdr	gene	log2fc	pval	mean	score
HES6	HES6	1.1021599831373597e-120	0.694922558559165	0.7517323474627009	0.638112769655629	1.7124259658005194e-116	HES6	0.694922558559165	1.1021599831373597e-120	3.815259	398.4910377341472
