index	primerid	Pr(>Chisq)	coef	ci.hi	ci.lo	fdr	gene	log2fc	pval	mean	score
GSN	GSN	1.707997513505e-06	0.9764906605175859	1.37593178722347	0.577049533811698	0.0174608585805616	GSN	0.9764906605175859	1.707997513505e-06	0.89077264	19.15926269463311
