index	primerid	Pr(>Chisq)	coef	ci.hi	ci.lo	fdr	gene	log2fc	pval	mean	score
SEC11C	SEC11C	7.0131811812324e-27	1.36868672098569	1.6022383624963603	1.1351350794750101	7.169575121573879e-23	SEC11C	1.36868672098569	7.0131811812324e-27	4.097608	86.88198956232529
GRP	GRP	1.5896604674407901e-09	1.4566276818586599	1.8970295716639298	1.01622579205338	6.44658195521122e-06	GRP	1.4566276818586599	1.5896604674407901e-09	2.685764	29.228634198066487
NPPA	NPPA	1.89178772039848e-09	0.597919633634166	0.8677387190423891	0.32810054822594203	6.44658195521122e-06	NPPA	0.597919633634166	1.89178772039848e-09	0.3591365	28.97760264264
ATP5EP2	ATP5EP2	2.6138310060252e-07	0.643208836774709	0.956501351083946	0.329916322465472	0.00066802985936489	ATP5EP2	0.643208836774709	2.6138310060252e-07	0.78152835	21.867330795706625
PPP1R14B	PPP1R14B	1.89087728690864e-06	0.8315327171551541	1.18678214249594	0.476283291814365	0.00276149121486672	PPP1R14B	0.8315327171551541	1.89087728690864e-06	2.1669672	19.012512830210415
MAF	MAF	7.333854354741641e-07	-0.5953532387399461	-0.36156891849398204	-0.82913755898591	0.0012495665511420599	MAF	-0.5953532387399461	7.333854354741641e-07	0.4978481	-20.37892504879986
