index	primerid	Pr(>Chisq)	coef	ci.hi	ci.lo	fdr	gene	log2fc	pval	mean	score
P4HA1	P4HA1	5.60377677540573e-08	0.7129916993071149	1.04759087896575	0.378392519648483	0.000143218524937432	P4HA1	0.7129916993071149	5.60377677540573e-08	0.7091821	24.089025271465314
PPP1R14B	PPP1R14B	3.755343184696579e-09	-1.0984415580495301	-0.746559806630403	-1.4503233094686498	1.2796957792384401e-05	PPP1R14B	-1.0984415580495301	3.755343184696579e-09	2.1669672	-27.988408098514054
GRP	GRP	1.47172018843445e-16	-2.02939597731456	-1.5887688468019099	-2.4700231078272097	7.522697743182679e-13	GRP	-2.02939597731456	1.47172018843445e-16	2.685764	-52.593346113875405
SEC11C	SEC11C	1.8219043454604396e-17	-1.2252442721763201	-0.89036456522313	-1.5601239791295	1.8625328123642103e-13	SEC11C	-1.2252442721763201	1.8219043454604396e-17	4.097608	-55.607330397058526
