index	primerid	Pr(>Chisq)	coef	ci.hi	ci.lo	fdr	gene	log2fc	pval	mean	score
HMGN2	HMGN2	1.9511892294303e-12	0.635505666883582	0.8007593434119399	0.470251990355224	2.1273816168478602e-08	HMGN2	0.635505666883582	1.9511892294303e-12	1.3976625	38.89878343906007
ASCL1	ASCL1	2.94162245622222e-07	0.593656947162099	0.8025450987593779	0.38476879556482	0.0006904779217943	ASCL1	0.593656947162099	2.94162245622222e-07	1.008008	21.696884569042332
