index	primerid	Pr(>Chisq)	coef	ci.hi	ci.lo	fdr	gene	log2fc	pval	mean	score
CD9	CD9	1.0948519883883198e-13	0.8676455381107231	1.07770950549589	0.657581570725555	1.19371712293979e-09	CD9	0.8676455381107231	1.0948519883883198e-13	1.1728742	43.05432938658718
CD63	CD63	7.903762129281321e-09	0.632140518070366	0.837339046370359	0.426941989770372	4.30873592477771e-05	CD63	0.632140518070366	7.903762129281321e-09	1.1491586	26.914813325594825
WFDC2	WFDC2	4.94549523617307e-08	0.6805535504769449	0.91599034872235	0.44511675223154	0.00017973578186665	WFDC2	0.6805535504769449	4.94549523617307e-08	1.749438	24.269309761067714
