index	primerid	Pr(>Chisq)	coef	ci.hi	ci.lo	fdr	gene	log2fc	pval	mean	score
GRP	GRP	0.0	1.12356103941313	1.17232875681081	1.07479332201545	0.0	GRP	1.12356103941313	1.939273185891579e-244	2.9652448	809.5949391019498
SEC11C	SEC11C	1.939273185891579e-244	0.7340173128556329	0.7748341822164341	0.6932004434948321	1.5493823118680796e-240	SEC11C	0.7340173128556329	1.939273185891579e-244	2.9454978	809.5949391019498
CAPS	CAPS	2.2551214707081292e-228	1.05492816811131	1.11284483098257	0.997011505240059	1.2011528660148396e-224	CAPS	1.05492816811131	2.2551214707081292e-228	2.0356035	756.2264004888785
CAMK2B	CAMK2B	4.951117046304369e-76	0.628069865653634	0.6917649383395811	0.564374792967688	4.1638894359419695e-73	CAMK2B	0.628069865653634	4.951117046304369e-76	1.4848844	250.15878115587267
SST	SST	1.6877801093063098e-70	1.10018535403679	1.2189964027101101	0.981374305363463	1.1237099319418998e-67	SST	1.10018535403679	1.6877801093063098e-70	6.1233926	231.77983968586514
SMC4	SMC4	2.6054189378588494e-102	-0.5908178066785079	-0.537328408944872	-0.6443072044121441	5.9474270297209276e-99	SMC4	-0.5908178066785079	2.6054189378588494e-102	1.7024592	-337.45515030947104
TOP2A	TOP2A	1.4593138101553993e-106	-0.710615322885867	-0.6604888074033771	-0.7607418383683571	4.663675074494629e-103	TOP2A	-0.710615322885867	1.4593138101553993e-106	1.1769158	-351.5790879049802
