index	primerid	Pr(>Chisq)	coef	ci.hi	ci.lo	fdr	gene	log2fc	pval	mean	score
MYB	MYB	3.3375003055780396e-48	0.689729670592746	0.7718468937834341	0.607612447402059	5.60065926279051e-44	MYB	0.689729670592746	3.3375003055780396e-48	1.6350533	157.71378058570156
MPP1	MPP1	1.3050535436061998e-39	0.6273545232031221	0.7106374006117859	0.544071645794459	1.09500517576279e-35	MPP1	0.6273545232031221	1.3050535436061998e-39	2.0183482	129.17108670184993
ADA	ADA	1.49626090656547e-36	0.598868968817204	0.683730070776458	0.51400786685795	8.3695847576917e-33	ADA	0.598868968817204	1.49626090656547e-36	1.2757653	119.00804965262552
G0S2	G0S2	1.7861108386496998e-34	0.63466219693805	0.724432030092349	0.544892363783751	7.493181495845149e-31	G0S2	0.63466219693805	1.7861108386496998e-34	1.5722198	112.10873361524725
CRABP1	CRABP1	2.93833021374238e-20	-0.659738907197402	-0.531886282278032	-0.787591532116773	1.8262266413633703e-17	CRABP1	-0.659738907197402	2.93833021374238e-20	2.133194	-64.88356536061465
