index	primerid	Pr(>Chisq)	coef	ci.hi	ci.lo	fdr	gene	log2fc	pval	mean	score
HES6	HES6	7.027877786068518e-82	0.847657768449668	0.931094834796344	0.7642207021029921	1.1793481712801596e-77	HES6	0.847657768449668	7.027877786068518e-82	3.951489	269.58501467748886
CRABP1	CRABP1	5.47337972381764e-28	1.18024839480353	1.3932115916265901	0.967285197980472	3.0616261715127903e-24	CRABP1	1.18024839480353	5.47337972381764e-28	2.133194	90.56155470772536
HLA-C	HLA-C	2.80673135151929e-15	-0.599421052572734	-0.456059402530019	-0.742782702615448	2.35498794049226e-12	HLA-C	-0.599421052572734	2.80673135151929e-15	3.6008828	-48.340030441533
HLA-B	HLA-B	2.28230959692632e-15	-0.734981687687228	-0.56238014332605	-0.9075832320484059	2.0157598603168795e-12	HLA-B	-0.734981687687228	2.28230959692632e-15	3.0605614	-48.63842691579671
