index	primerid	Pr(>Chisq)	coef	ci.hi	ci.lo	fdr	gene	log2fc	pval	mean	score
HSPA1A	HSPA1A	1.36088731039647e-22	0.7212112364267759	0.886999610778584	0.555422862074968	2.0760954505239299e-19	HSPA1A	0.7212112364267759	1.36088731039647e-22	1.2592005	72.63787047950677
NDUFA4L2	NDUFA4L2	8.8544434780544e-19	0.6269968055623871	0.7748332520561569	0.479160359068618	7.82033768448584e-16	NDUFA4L2	0.6269968055623871	8.8544434780544e-19	0.99736226	59.970232169703394
IFI27	IFI27	9.611469298482479e-18	-0.6073418703470009	-0.46744360043011407	-0.747240140263888	6.720419429076441e-15	IFI27	-0.6073418703470009	9.611469298482479e-18	2.5550003	-56.52994871634876
HMGN2	HMGN2	7.545088602173399e-80	-0.640232864719224	-0.575313155245513	-0.7051525741929351	1.2661413183307197e-75	HMGN2	-0.640232864719224	7.545088602173399e-80	4.572104	-262.83870974853187
