index	primerid	Pr(>Chisq)	coef	ci.hi	ci.lo	fdr	gene	log2fc	pval	mean	score
HES6	HES6	1.9202062450204398e-24	1.5695014040598898	1.8340198137326202	1.30498299438716	2.36012549575462e-20	HES6	1.5695014040598898	1.9202062450204398e-24	4.302602	78.78501300140854
SSTR2	SSTR2	7.442123878666271e-09	0.9991437157394741	1.30223043298489	0.6960569984940539	4.5735572296343604e-05	SSTR2	0.9991437157394741	7.442123878666271e-09	1.4116144	27.001638448788626
