index	primerid	Pr(>Chisq)	coef	ci.hi	ci.lo	fdr	gene	log2fc	pval	mean	score
ARL6IP1	ARL6IP1	4.18967174420444e-07	0.881469373911856	1.19105165444843	0.571887093375283	0.00514952554080167	ARL6IP1	0.881469373911856	4.18967174420444e-07	3.2777903	21.18665944929881
ID3	ID3	1.48842549724734e-06	0.909377072374125	1.4341374815820398	0.384616663166214	0.00914711889333353	ID3	0.909377072374125	1.48842549724734e-06	1.0733132	19.35778155966748
