index	primerid	Pr(>Chisq)	coef	ci.hi	ci.lo	fdr	gene	log2fc	pval	mean	score
NFIC	NFIC	2.67317673920841e-06	-0.6669448371288771	-0.40340113998941796	-0.930488534268336	0.0164280076508053	NFIC	-0.6669448371288771	2.67317673920841e-06	1.343506	-18.513013343658564
HES6	HES6	9.12731433656407e-22	-1.26112251201753	-1.0302585745930202	-1.49198644944204	1.1218382051070901e-17	HES6	-1.26112251201753	9.12731433656407e-22	4.302602	-69.8922276701716
