index	primerid	Pr(>Chisq)	coef	ci.hi	ci.lo	fdr	gene	log2fc	pval	mean	score
SEPW1	SEPW1	4.14342388006e-08	0.612339188564799	0.805142907129384	0.419535470000215	0.000509268229098175	SEPW1	0.612339188564799	4.14342388006e-08	1.8296256	24.52460134081434
HES6	HES6	2.91532307703483e-06	0.7842057063310441	1.0808132885716601	0.48759812409042796	0.0179161179699176	HES6	0.7842057063310441	2.91532307703483e-06	4.302602	18.387912797113408
