index	primerid	Pr(>Chisq)	coef	ci.hi	ci.lo	fdr	gene	log2fc	pval	mean	score
GRP	GRP	7.64340974689758e-104	1.11913520000398	1.21584685025643	1.02242354975154	1.2109454062009797e-99	GRP	1.11913520000398	7.64340974689758e-104	4.294177	342.5463054960539
SEC11C	SEC11C	2.26992543235081e-49	0.587836925086723	0.664262616401821	0.511411233771624	1.7981214312366896e-45	SEC11C	0.587836925086723	2.26992543235081e-49	5.1623917	161.59183174409878
PCSK1N	PCSK1N	2.93650000266925e-38	0.721671067201393	0.8266982930116971	0.616643841391089	1.55076565140963e-34	PCSK1N	0.721671067201393	2.93650000266925e-38	2.698264	124.67916996657303
