index	primerid	Pr(>Chisq)	coef	ci.hi	ci.lo	fdr	gene	log2fc	pval	mean	score
SAT1	SAT1	3.1941048089762695e-19	0.633243782920659	0.764841332935271	0.501646232906047	6.325525311076389e-16	SAT1	0.633243782920659	3.1941048089762695e-19	2.604956	61.44122214981347
IFI6	IFI6	2.15213146789642e-17	-0.6935409741542271	-0.552934226484862	-0.8341477218235921	2.2730812563922002e-14	IFI6	-0.6935409741542271	2.15213146789642e-17	2.015491	-55.367011402156734
KLK12	KLK12	1.30766371843769e-17	-0.6497994622301	-0.517504473879667	-0.782094450580533	1.59363971470833e-14	KLK12	-0.6497994622301	1.30766371843769e-17	1.8695097	-56.08578603105518
IFI27	IFI27	1.11116717929843e-19	-0.6409993119283449	-0.5050835122493971	-0.776915111607293	2.5148888030893e-16	IFI27	-0.6409993119283449	1.11116717929843e-19	4.381712	-62.96455791088536
GRP	GRP	2.4063798940238096e-30	-0.8160216214949051	-0.678596198346255	-0.953447044643555	1.9062138330509598e-26	GRP	-0.8160216214949051	2.4063798940238096e-30	4.294177	-98.39097842856238
SEC11C	SEC11C	3.89342088802632e-44	-0.6931947376173521	-0.592946943710847	-0.7934425315238571	6.168346712900099e-40	SEC11C	-0.6931947376173521	3.89342088802632e-44	5.1623917	-144.20379786317494
