index	primerid	Pr(>Chisq)	coef	ci.hi	ci.lo	fdr	gene	log2fc	pval	mean	score
SEC11C	SEC11C	3.65836208132782e-10	0.644765668951246	0.8375942610021969	0.451937076900295	1.69394358905749e-06	SEC11C	0.644765668951246	3.65836208132782e-10	4.667396	31.34808307797381
PLCG2	PLCG2	3.37284511276416e-06	-0.8683910252493859	-0.635270492529255	-1.10151155796952	0.00520579905126744	PLCG2	-0.8683910252493859	3.37284511276416e-06	1.2753867	-18.177602500650227
TRA2B	TRA2B	1.40296581526336e-06	-0.625439520996456	-0.40044167605303294	-0.850437365939878	0.0027840854485461897	TRA2B	-0.625439520996456	1.40296581526336e-06	1.5201424	-19.44308871271908
