index	primerid	Pr(>Chisq)	coef	ci.hi	ci.lo	fdr	gene	log2fc	pval	mean	score
GRP	GRP	4.0333859638891797e-60	1.9467504562726101	2.1542335029968798	1.7392674095483402	5.801622370458199e-56	GRP	1.9467504562726101	4.0333859638891797e-60	3.142072	197.30369422611784
RBFOX1	RBFOX1	3.7578563803517205e-16	0.63840238976341	0.803899712961816	0.472905066565004	2.70265030874896e-12	RBFOX1	0.63840238976341	3.7578563803517205e-16	0.4341328	51.24093958803209
IGFBP5	IGFBP5	1.7864462611197399e-12	0.906511908724168	1.1453137319287698	0.667710085519561	6.424060754986589e-09	IGFBP5	0.906511908724168	1.7864462611197399e-12	3.168434	39.02604462242017
COTL1	COTL1	1.3243631376925698e-11	0.586703052010774	0.740080609327243	0.4333254946943039	3.80992787451397e-08	COTL1	0.586703052010774	1.3243631376925698e-11	2.0693126	36.13591028331078
