index	primerid	Pr(>Chisq)	coef	ci.hi	ci.lo	fdr	gene	log2fc	pval	mean	score
IFI27	IFI27	4.1007956082527386e-148	2.11495921596924	2.23963528833286	1.99028314360561	5.898584402910748e-144	IFI27	2.11495921596924	4.1007956082527386e-148	2.7788265	489.609454204641
IFI6	IFI6	2.8393201185874995e-79	1.42958217504423	1.56243646754165	1.29672788254681	2.0420390292881297e-75	IFI6	1.42958217504423	2.8393201185874995e-79	2.7710683	260.92677398150107
ISG15	ISG15	3.675374457872589e-56	0.974243888529845	1.08374026343176	0.864747513627927	1.7622195400679796e-52	ISG15	0.974243888529845	3.675374457872589e-56	1.011308	184.15008207027532
BST2	BST2	3.084063013466879e-39	0.719318671377818	0.820093164653803	0.618544178101833	1.10902905964269e-35	BST2	0.719318671377818	3.084063013466879e-39	1.2769777	127.93036345795878
MX1	MX1	2.64046443512564e-34	0.681763561869067	0.785688237964116	0.5778388857740171	7.59608808696944e-31	MX1	0.681763561869067	2.64046443512564e-34	0.71674234	111.54476351654033
HLA-C	HLA-C	2.46761153420198e-19	0.651674263104394	0.7817940714817321	0.521554454727056	3.22673857345103e-16	HLA-C	0.651674263104394	2.46761153420198e-19	1.9341345	61.81351850796401
