index	primerid	Pr(>Chisq)	coef	ci.hi	ci.lo	fdr	gene	log2fc	pval	mean	score
HES6	HES6	5.397411339615879e-77	1.30707954216398	1.43335650449483	1.1808025798331299	7.763636470903478e-73	HES6	1.30707954216398	5.397411339615879e-77	3.805465	253.35619566626292
IGFBP5	IGFBP5	1.10874305294225e-13	0.73402270307027	0.916195401071292	0.551850005069248	7.97408003676068e-10	IGFBP5	0.73402270307027	1.10874305294225e-13	3.168434	43.036140168483705
HSPB1	HSPB1	1.41468441913099e-11	-0.610411235598311	-0.451167671748031	-0.7696547994485908	4.06976413695604e-08	HSPB1	-0.610411235598311	1.41468441913099e-11	1.8929553	-36.04072878415438
