index	primerid	Pr(>Chisq)	coef	ci.hi	ci.lo	fdr	gene	log2fc	pval	mean	score
TFF3	TFF3	2.13070849508727e-16	-0.8273436987938779	-0.641134026471855	-1.0135533711159	2.78619190848503e-13	TFF3	-0.8273436987938779	2.13070849508727e-16	2.4542696	-52.059516288502266
MGST1	MGST1	1.61140357125869e-16	-0.607218752544816	-0.481347259002344	-0.733090246087288	2.31784289689851e-13	MGST1	-0.607218752544816	1.61140357125869e-16	1.2558784	-52.462531660193946
IFI6	IFI6	5.99595159315711e-20	-0.883953388957027	-0.698214984993409	-1.06969179292064	1.23208239594246e-16	IFI6	-0.883953388957027	5.99595159315711e-20	2.7710683	-63.85457316165862
ASCL1	ASCL1	1.70874831650565e-21	-0.705755591624057	-0.551496315997897	-0.8600148672502179	4.91572715692346e-18	ASCL1	-0.705755591624057	1.70874831650565e-21	3.167208	-68.98755007617571
IFI27	IFI27	3.16643283405321e-22	-1.05955972973951	-0.8689273921469409	-1.2501920673320701	1.13864924712553e-18	IFI27	-1.05955972973951	3.16643283405321e-22	2.7788265	-71.41955961004408
CYBA	CYBA	3.12833891952247e-22	-0.8654647195060441	-0.702969616068998	-1.02795982294309	1.13864924712553e-18	CYBA	-0.8654647195060441	3.12833891952247e-22	2.3082263	-71.43702126700366
GRP	GRP	1.3053223362067798e-51	-1.45596736877128	-1.26837365128675	-1.64356108625582	9.387878241999142e-48	GRP	-1.45596736877128	1.3053223362067798e-51	3.142072	-169.03392672945287
SEC11C	SEC11C	1.2748748347127196e-87	-1.4625451901045599	-1.32577882303311	-1.5993115571760201	1.8337799622507798e-83	SEC11C	-1.4625451901045599	1.2748748347127196e-87	4.606566	-288.65738864278563
