index	primerid	Pr(>Chisq)	coef	ci.hi	ci.lo	fdr	gene	log2fc	pval	mean	score
KRT18	KRT18	4.63652146034451e-13	0.6122127853972521	0.7622639068560609	0.46216166393844205	6.66917246855954e-09	KRT18	0.6122127853972521	4.63652146034451e-13	1.8846667	40.9720224010252
PLPP2	PLPP2	2.93545226001798e-12	0.5868762798379201	0.7350608347541491	0.43869172492169	2.11117726540493e-08	PLPP2	0.5868762798379201	2.93545226001798e-12	0.96995664	38.30955434467594
SEC11C	SEC11C	6.63950175100084e-12	0.6134670625019589	0.7871422057172741	0.43979191928664507	3.18341977287987e-08	SEC11C	0.6134670625019589	6.63950175100084e-12	4.606566	37.13206215736694
