index	primerid	Pr(>Chisq)	coef	ci.hi	ci.lo	fdr	gene	log2fc	pval	mean	score
LY6E	LY6E	3.5577583521075105e-41	-0.6033747138452309	-0.528136287121815	-0.678613140568648	4.867660290838009e-38	LY6E	-0.6033747138452309	3.5577583521075105e-41	1.3488147	-134.36808336630162
HLA-E	HLA-E	1.5549487654352398e-46	-0.6057740198082661	-0.5274669563007829	-0.684081083315749	2.3401978919800394e-43	HLA-E	-0.6057740198082661	1.5549487654352398e-46	1.634955	-152.17182531955618
MX1	MX1	9.370292092724858e-52	-0.671029010937348	-0.603680266183073	-0.738377755691622	1.56692106661677e-48	MX1	-0.671029010937348	9.370292092724858e-52	1.2282015	-169.5121669135628
HLA-B	HLA-B	9.03339026518832e-75	-0.622721147901191	-0.5584453243620239	-0.6869969714403571	2.719050469821679e-71	HLA-B	-0.622721147901191	9.03339026518832e-75	4.910097	-245.96933957836632
IFITM3	IFITM3	6.940771590101848e-121	-1.13994692455873	-1.04548223915022	-1.23441160996725	3.481953747701089e-117	IFITM3	-1.13994692455873	6.940771590101848e-121	3.3138325	-399.1582034284611
IFI6	IFI6	1.0659593223705696e-125	-1.2163128282834	-1.1173291255214999	-1.31529653104531	8.021343900838568e-122	IFI6	-1.2163128282834	1.0659593223705696e-125	3.5900512	-415.14885947585697
IFI27	IFI27	3.071544518350539e-186	-1.5790290130291298	-1.474079603741	-1.6839784223172598	4.622674500117558e-182	IFI27	-1.5790290130291298	3.071544518350539e-186	5.75882	-616.2596613554633
