index	primerid	Pr(>Chisq)	coef	ci.hi	ci.lo	fdr	gene	log2fc	pval	mean	score
HIST1H4C	HIST1H4C	5.16590370040684e-21	-0.6033822279821911	-0.48129326983549797	-0.725471186128885	6.47890422426025e-18	HIST1H4C	-0.6033822279821911	5.16590370040684e-21	2.3060555	-67.39146924275988
