index	primerid	Pr(>Chisq)	coef	ci.hi	ci.lo	fdr	gene	log2fc	pval	mean	score
IFI6	IFI6	1.7203145418509396e-69	1.2107133293378898	1.33861849397924	1.0828081646965402	2.5890733854856598e-65	IFI6	1.2107133293378898	1.7203145418509396e-69	3.5900512	228.43036617620717
IFI27	IFI27	8.930376273466259e-66	1.25123611991478	1.38828667790832	1.11418556192124	6.720108145783359e-62	IFI27	1.25123611991478	8.930376273466259e-66	5.75882	216.0885332992656
IFITM3	IFITM3	1.6968843566488398e-56	0.994042937819577	1.11253819166006	0.8755476839790909	8.51270318918834e-53	IFITM3	0.994042937819577	1.6968843566488398e-56	3.3138325	185.2650850657087
LY6E	LY6E	6.90513436349467e-36	0.7713163632076371	0.882878106543513	0.659754619871761	2.0784454434118997e-32	LY6E	0.7713163632076371	6.90513436349467e-36	1.3488147	116.80174192852016
MX1	MX1	1.1911485367121799e-24	0.685538818355784	0.812987217153509	0.5580904195580589	2.98779757958638e-21	MX1	0.685538818355784	1.1911485367121799e-24	1.2282015	79.47392094821198
HIST1H4C	HIST1H4C	2.19573025448745e-13	-0.625826430380724	-0.46945411103854606	-0.7821987497229029	1.5020791059107402e-10	HIST1H4C	-0.625826430380724	2.19573025448745e-13	2.3060555	-42.05036440342597
CENPF	CENPF	2.0849981018356498e-14	-0.655681387298327	-0.531304450336411	-0.780058324260244	1.7432900795903597e-11	CENPF	-0.655681387298327	2.0849981018356498e-14	1.4615079	-45.4469472581697
