index	primerid	Pr(>Chisq)	coef	ci.hi	ci.lo	fdr	gene	log2fc	pval	mean	score
SEC11C	SEC11C	1.10120788841473e-22	0.604009739601038	0.7211607291389109	0.486858750063165	7.42654599946897e-19	SEC11C	0.604009739601038	1.10120788841473e-22	4.280257	72.94333123780818
TYMS	TYMS	7.030221958449871e-21	0.794155757913759	0.9460233006898421	0.642288215137675	3.11096950348242e-17	TYMS	0.794155757913759	7.030221958449871e-21	1.1452651	66.946919753792
CARHSP1	CARHSP1	9.225888207243249e-21	0.596911323792156	0.712385674917507	0.48143697266680396	3.11096950348242e-17	CARHSP1	0.596911323792156	9.225888207243249e-21	1.5739024	66.55480218167835
PCNA	PCNA	4.767466146007371e-17	0.6206446735682429	0.7763882083539559	0.46490113878253003	9.18622619676392e-14	PCNA	0.6206446735682429	4.767466146007371e-17	1.3819678	54.21955491915346
