index	primerid	Pr(>Chisq)	coef	ci.hi	ci.lo	fdr	gene	log2fc	pval	mean	score
GRP	GRP	1.4874712671737e-17	-0.7208248133475459	-0.574190143106485	-0.8674594835886059	1.00315062258194e-13	GRP	-0.7208248133475459	1.4874712671737e-17	1.5340456	-55.89991581229911
