index	primerid	Pr(>Chisq)	coef	ci.hi	ci.lo	fdr	gene	log2fc	pval	mean	score
UBE2C	UBE2C	1.30209237513847e-14	-0.585013302635942	-0.48388640194342897	-0.6861402033284549	2.19532774448347e-11	UBE2C	-0.585013302635942	1.30209237513847e-14	0.927486	-46.12616152628914
HMGB2	HMGB2	6.26528003990366e-23	-0.831506432189116	-0.6820174865941121	-0.9809953777841189	8.450609717822059e-19	HMGB2	-0.831506432189116	6.26528003990366e-23	1.9024807	-73.7569671871238
