index	primerid	Pr(>Chisq)	coef	ci.hi	ci.lo	fdr	gene	log2fc	pval	mean	score
IGF2	IGF2	2.28829933134459e-49	1.3015359628056298	1.4890496822555899	1.11402224335566	3.5596784398396395e-45	IGF2	1.3015359628056298	2.28829933134459e-49	0.7451166	161.58020086676981
DES	DES	5.48803978764474e-48	1.02040251076594	1.15611205465748	0.8846929668744008	4.26859734683008e-44	DES	1.02040251076594	5.48803978764474e-48	0.8753216	156.9962576136749
IFITM3	IFITM3	1.1026158384878597e-47	0.8248631092829249	0.9645396347209391	0.6851865838449099	5.71743066117237e-44	IFITM3	0.8248631092829249	1.1026158384878597e-47	0.428781	155.98969022947148
VIM	VIM	4.7424201181645e-38	0.7261520250340459	0.8291223229900029	0.6231817270780889	1.4754617471633399e-34	VIM	0.7261520250340459	4.7424201181645e-38	2.7478678	123.98764413278909
EMP3	EMP3	4.93921026882379e-33	0.6748945673589711	0.7764514868324979	0.573337647885444	1.28057258236371e-29	EMP3	0.6748945673589711	4.93921026882379e-33	0.7196517	107.31934674379112
TPM2	TPM2	1.23583445869308e-30	0.702416938292526	0.8049316852842291	0.599902191300824	2.7463772627756597e-27	TPM2	0.702416938292526	1.23583445869308e-30	2.0062623	99.35235734093304
SGCA	SGCA	1.05039381501068e-25	0.629243956135069	0.725992427450682	0.532495484819456	1.48544783511874e-22	SGCA	0.629243956135069	1.05039381501068e-25	1.1022508	82.97727204577559
TNNT1	TNNT1	1.1716506755215801e-24	0.8285052881881079	0.97437881436554	0.682631762010676	1.4020152237241298e-21	TNNT1	0.8285052881881079	1.1716506755215801e-24	1.2404363	79.4977317790499
ACTC1	ACTC1	1.15140288341391e-11	0.5925623237424461	0.760769747969551	0.424354899515341	1.7733884410284e-09	ACTC1	0.5925623237424461	1.15140288341391e-11	1.1596483	36.33781631350373
