index	primerid	Pr(>Chisq)	coef	ci.hi	ci.lo	fdr	gene	log2fc	pval	mean	score
NNAT	NNAT	2.4210197084822895e-83	1.1854224344733701	1.3015043735763703	1.06934049537037	3.76613825851505e-79	NNAT	1.1854224344733701	2.4210197084822895e-83	5.3905168	274.4444170519053
