index	primerid	Pr(>Chisq)	coef	ci.hi	ci.lo	fdr	gene	log2fc	pval	mean	score
NNAT	NNAT	2.05939198657613e-73	0.9684374788253671	1.06975776025932	0.867117197391417	3.203590174317819e-69	NNAT	0.9684374788253671	2.05939198657613e-73	5.3905168	241.4585324667609
