index	primerid	Pr(>Chisq)	coef	ci.hi	ci.lo	fdr	gene	log2fc	pval	mean	score
NNAT	NNAT	1.0684103285248298e-98	1.44051783818297	1.56927663806781	1.31175903829813	1.6620191070532296e-94	NNAT	1.44051783818297	1.0684103285248298e-98	5.3905168	325.45348747100246
ACTC1	ACTC1	2.21207509193709e-37	0.7928568165900091	0.9096680990350109	0.6760455341450059	1.72055200650867e-33	ACTC1	0.7928568165900091	2.21207509193709e-37	1.1596483	121.76593915015742
TOP2A	TOP2A	1.3919022549864498e-20	-0.661148062328649	-0.545238935118878	-0.77705718953842	7.49087599910666e-18	TOP2A	-0.661148062328649	1.3919022549864498e-20	1.7369474	-65.9615039948922
CENPF	CENPF	2.1906942971275098e-26	-0.737695983506467	-0.62171430923622	-0.853677657776715	3.78649338734617e-23	CENPF	-0.737695983506467	2.1906942971275098e-26	1.951446	-85.23874229118195
