index	primerid	Pr(>Chisq)	coef	ci.hi	ci.lo	fdr	gene	log2fc	pval	mean	score
GSG1	GSG1	3.519932747344669e-83	0.6505627085792061	0.7226726081101899	0.578452809048222	1.0951214763538698e-79	GSG1	0.6505627085792061	3.519932747344669e-83	0.680315	273.9044840109928
CRABP1	CRABP1	2.5092998967551693e-77	-0.6904827376324661	-0.626523469320646	-0.754442005944287	5.5763813134176385e-74	CRABP1	-0.6904827376324661	2.5092998967551693e-77	1.359502	-254.46117840285524
SGCA	SGCA	1.1628221110660797e-82	-0.598436537372355	-0.546649647308269	-0.6502234274364399	3.0148101266239897e-79	SGCA	-0.598436537372355	1.1628221110660797e-82	1.1022508	-272.1804733710654
TNNT1	TNNT1	7.589521899376128e-84	-0.715650638675037	-0.6581555115676889	-0.773145765782384	2.951565066667379e-80	TNNT1	-0.715650638675037	7.589521899376128e-84	1.2404363	-276.11795096436066
NNAT	NNAT	0.0	-2.11970700316327	-2.0535609565148203	-2.1858530498117097	0.0	NNAT	-2.11970700316327	1.3397804337834796e-116	5.3905168	-384.9216624189723
TPM2	TPM2	1.3397804337834796e-116	-0.803212505398689	-0.7356078327304749	-0.8708171780669021	1.04208122139679e-112	TPM2	-0.803212505398689	1.3397804337834796e-116	2.0062623	-384.9216624189723
