index	primerid	Pr(>Chisq)	coef	ci.hi	ci.lo	fdr	gene	log2fc	pval	mean	score
NNAT	NNAT	2.2188706997672496e-62	1.7183787074107701	1.91436179101385	1.52239562380769	3.451675260557939e-58	NNAT	1.7183787074107701	2.2188706997672496e-62	5.3905168	204.80971628318756
AP000459.7	AP000459.7	1.3619727911696198e-19	0.697628596236719	0.855854040395751	0.539403152077687	5.29671218485863e-16	AP000459.7	0.697628596236719	1.3619727911696198e-19	1.605432	62.67093592068226
DNAJB1	DNAJB1	5.025880916191529e-07	-0.6085551476000439	-0.400473775122135	-0.8166365200779541	8.06006221982221e-05	DNAJB1	-0.6085551476000439	5.025880916191529e-07	2.3985825	-20.924120175972526
TOP2A	TOP2A	1.0827424693937599e-11	-0.7387621663530409	-0.575710307756298	-0.901814024949785	7.655973569949709e-09	TOP2A	-0.7387621663530409	1.0827424693937599e-11	1.7369474	-36.426518905440986
CENPF	CENPF	2.4236530355713197e-13	-0.7916062736712991	-0.62013781202767	-0.963074735314928	2.90018050933442e-10	CENPF	-0.7916062736712991	2.4236530355713197e-13	1.951446	-41.90788205274823
