index	primerid	Pr(>Chisq)	coef	ci.hi	ci.lo	fdr	gene	log2fc	pval	mean	score
KRT18	KRT18	2.44869192712468e-06	-0.6216241160581679	-0.40721956901728207	-0.8360286630990541	0.00240684155600655	KRT18	-0.6216241160581679	2.44869192712468e-06	1.2167921	-18.639557291203012
TUBA1B	TUBA1B	1.28553873942948e-06	-0.731379378918522	-0.453341381739901	-1.00941737609714	0.00173740560633894	TUBA1B	-0.731379378918522	1.28553873942948e-06	3.0857604	-19.56919548319719
SEC11C	SEC11C	2.81856982496817e-07	-0.7906821419351708	-0.517493924019229	-1.06387035985111	0.00101581256491853	SEC11C	-0.7906821419351708	2.81856982496817e-07	2.3049839	-21.758533356130133
EIF1	EIF1	8.74393564264238e-08	-0.596138508687177	-0.396032144062133	-0.796244873312222	0.00047269716084124696	EIF1	-0.596138508687177	8.74393564264238e-08	2.9382	-23.447141976614056
HMGN2	HMGN2	3.84373288315371e-09	-0.8336701192081751	-0.5579837543281561	-1.1093564840882	4.15584399326579e-05	HMGN2	-0.8336701192081751	3.84373288315371e-09	2.3090022	-27.954844773217882
