index	primerid	Pr(>Chisq)	coef	ci.hi	ci.lo	fdr	gene	log2fc	pval	mean	score
EIF1	EIF1	2.44796046208558e-22	0.923310499404682	1.09681542705835	0.749805571751014	2.64673485160693e-18	EIF1	0.923310499404682	2.44796046208558e-22	2.9382	71.7908378308042
