index	primerid	Pr(>Chisq)	coef	ci.hi	ci.lo	fdr	gene	log2fc	pval	mean	score
GRP	GRP	5.070875999340397e-259	2.04508703270464	2.15801100205342	1.93216306335585	8.233581360129006e-255	GRP	2.04508703270464	5.070875999340397e-259	5.0274534	858.0371415799323
SEC11C	SEC11C	6.915403516880648e-86	0.956984680350952	1.05110222545639	0.862867135245516	5.614270345179559e-82	SEC11C	0.956984680350952	6.915403516880648e-86	6.0022345	282.89600272458193
LIPA	LIPA	6.995315605073569e-48	0.6610338051711889	0.7441300421260769	0.577937568216301	3.7860979826526493e-44	LIPA	0.6610338051711889	6.995315605073569e-48	1.478164	156.64615940619507
SCG5	SCG5	9.19510994911591e-47	0.591271309789143	0.668089900013479	0.514452719564808	3.73252500609487e-43	SCG5	0.591271309789143	9.19510994911591e-47	2.244048	152.92975363416116
PHGR1	PHGR1	3.4004834411393702e-40	0.6703247107173891	0.7576299629229949	0.5830194585117829	9.20227493896332e-37	PHGR1	0.6703247107173891	3.4004834411393702e-40	2.4035609	131.11138392896865
NTS	NTS	2.3978695834016497e-16	-0.5932719272791079	-0.449527130675681	-0.7370167238825351	5.2613795169854805e-14	NTS	-0.5932719272791079	2.3978695834016497e-16	3.046971	-51.889096323372364
IFITM3	IFITM3	4.24753115787094e-34	-0.6910346218185981	-0.587249659695946	-0.7948195839412511	4.9262259578821705e-31	IFITM3	-0.6910346218185981	4.24753115787094e-34	2.150495	-110.85893069579649
FABP5	FABP5	9.597746719348501e-38	-0.680191139500204	-0.576324170148635	-0.7840581088517741	2.22626590688659e-34	FABP5	-0.680191139500204	9.597746719348501e-38	3.2415502	-122.97057186430156
