index	primerid	Pr(>Chisq)	coef	ci.hi	ci.lo	fdr	gene	log2fc	pval	mean	score
GRP	GRP	8.250053475722068e-162	0.979235050557092	1.04889588252107	0.9095742185931159	1.33956118285299e-157	GRP	0.979235050557092	8.250053475722068e-162	5.0274534	535.1079479010114
SEC11C	SEC11C	6.831192777404708e-160	0.782472917657925	0.838388488712031	0.7265573466038191	5.545903856336008e-156	SEC11C	0.782472917657925	6.831192777404708e-160	6.0022345	528.736357676112
PHGR1	PHGR1	6.616663961693148e-91	0.631147034247491	0.6850327157852709	0.5772613527097099	2.68586931865029e-87	PHGR1	0.631147034247491	6.616663961693148e-91	2.4035609	299.56935262300686
