index	primerid	Pr(>Chisq)	coef	ci.hi	ci.lo	fdr	gene	log2fc	pval	mean	score
GRP	GRP	6.109929514238009e-82	-0.6105942622786059	-0.548962112259613	-0.6722264122975979	9.92069255226826e-78	GRP	-0.6105942622786059	6.109929514238009e-82	5.0274534	-269.78694804393507
