index	primerid	Pr(>Chisq)	coef	ci.hi	ci.lo	fdr	gene	log2fc	pval	mean	score
BST2	BST2	7.27628789e-314	1.4648346093123301	1.5390275952069399	1.3906416234177101	2.9536271616506e-310	BST2	1.4648346093123301	7.27628789e-314	1.4349027	1040.222219169604
IFI27	IFI27	0.0	2.67691466448057	2.7519394752129305	2.6018898537482102	0.0	IFI27	2.67691466448057	7.27628789e-314	1.840511	1040.222219169604
IFI6	IFI6	0.0	1.92129281950427	2.00665216519942	1.83593347380912	0.0	IFI6	1.92129281950427	7.27628789e-314	1.475824	1040.222219169604
ISG15	ISG15	0.0	1.5950664371754801	1.6728707666187599	1.51726210773219	0.0	ISG15	1.5950664371754801	7.27628789e-314	1.8314329	1040.222219169604
IFITM3	IFITM3	2.9385409822091683e-209	1.31586118021134	1.4013558832637598	1.2303664771589198	9.542617985626056e-206	IFITM3	1.31586118021134	2.9385409822091683e-209	2.150495	692.7278718125203
LY6E	LY6E	9.003215912831468e-151	0.772044000901756	0.8272947694907821	0.71679323231273	2.436420279610739e-147	LY6E	0.772044000901756	9.003215912831468e-151	1.0235448	498.4407019095744
IFIT1	IFIT1	1.9953092172518892e-117	0.680156466485488	0.7681950579762199	0.592117874994755	4.049729470064859e-114	IFIT1	0.680156466485488	1.9953092172518892e-117	0.3767327	387.66897476057324
