index	primerid	Pr(>Chisq)	coef	ci.hi	ci.lo	fdr	gene	log2fc	pval	mean	score
GRP	GRP	3.2701532944548894e-132	0.6958570195989169	0.752914064640229	0.6387999745576051	5.309747904206398e-128	GRP	0.6958570195989169	3.2701532944548894e-132	5.0274534	436.78515025883775
