index	primerid	Pr(>Chisq)	coef	ci.hi	ci.lo	fdr	gene	log2fc	pval	mean	score
GRP	GRP	0.0	1.47928349822014	1.54945996901762	1.40910702742266	0.0	GRP	1.47928349822014	1.42849228768811e-68	5.0274534	225.37661720503672
