index	primerid	Pr(>Chisq)	coef	ci.hi	ci.lo	fdr	gene	log2fc	pval	mean	score
SEC11C	SEC11C	4.273377671029848e-229	0.8961364761311491	0.9494454301244691	0.8428275221378291	6.938683324451167e-225	SEC11C	0.8961364761311491	4.273377671029848e-229	6.0022345	758.6261569045707
PHGR1	PHGR1	3.9718633099360993e-88	0.598866787478366	0.651762875147814	0.545970699808917	1.2898228912686495e-84	PHGR1	0.598866787478366	3.9718633099360993e-88	2.4035609	290.3398563761316
