index	primerid	Pr(>Chisq)	coef	ci.hi	ci.lo	fdr	gene	log2fc	pval	mean	score
SEC11C	SEC11C	1.480005680841979e-280	1.1993983372326003	1.26313625766142	1.13566041680379	2.4030852239831284e-276	SEC11C	1.1993983372326003	1.480005680841979e-280	6.0022345	929.5742638549675
GRP	GRP	9.169202393185888e-165	1.16386680907749	1.24541248560054	1.08232113255444	7.444016962907967e-161	GRP	1.16386680907749	9.169202393185888e-165	5.0274534	544.9213394137005
NAXE	NAXE	1.2424436828771097e-115	0.626623864353421	0.678084351608365	0.5751633770984771	6.724519359625218e-112	NAXE	0.626623864353421	1.2424436828771097e-115	3.0559978	381.7085504528348
PHGR1	PHGR1	1.7949092242237495e-99	0.7455514747089941	0.8064463693120121	0.6846565801059771	5.828788214744209e-96	PHGR1	0.7455514747089941	1.7949092242237495e-99	2.4035609	328.0269705108444
LIPA	LIPA	2.5227415444345198e-80	0.605375628908635	0.6679375368685749	0.5428137209486951	6.8269590761638784e-77	LIPA	0.605375628908635	2.5227415444345198e-80	1.478164	264.4192551816079
SAT1	SAT1	1.1684355600625198e-71	-0.603434163557591	-0.541249241467975	-0.6656190856472081	2.37148602359189e-68	SAT1	-0.603434163557591	1.1684355600625198e-71	1.7770109	-235.63231656620403
